quarter,amount,count,cafe_amount,common_amount,western_amount,bakery_amount,known_age_amount,young_amount,weekend_amount,stores,openings,closures,population,cafe_share,young_share,weekend_share,opening_rate,closure_rate,western_share_common,bakery_share_common,group,side,amount_index,amount_yoy,count_index,count_yoy,stores_index,stores_yoy,population_index,population_yoy
20211,64351099468,3796645,11000139138,44283654157,2080774715,1435979460,51381108740,28177583187,13739255124,1640,104,55,20024613,0.17093941251881892,0.5484035646172006,0.21350459024918675,0.06341463414634146,0.03353658536585366,0.046987421309519196,0.03242685111099875,성수,case,87.82282467791333,,88.11772672838849,,96.41387419165197,,100.1535066583488,
20212,78669466944,4649775,13638239414,52866121361,2835696438,1626186470,63403703218,35850371459,17516058607,1691,144,84,20732168,0.17336127908058957,0.565430245229308,0.22265383620138948,0.08515671200473093,0.04967474866942637,0.053639199642361676,0.03076046489008475,성수,case,107.36374141304998,,107.91833389703083,,99.41211052322163,,103.6923572919989,
20213,68134034167,4308026,13159803954,45146401450,2150817820,1618586667,55208949025,30853640023,15011273954,1714,98,71,19435034,0.19314582080586404,0.5588521529186997,0.22031975851021238,0.057176196032672114,0.041423570595099185,0.047640958103428194,0.035851953090715274,성수,case,92.98556491988045,,99.9865559742332,,100.76425631981188,,97.20471537323769,
20214,81940501766,4479975,13203366972,56114646859,3388686642,1878664160,65019772278,36898936137,18544068398,1759,132,79,19783869,0.16113358702275535,0.5675033123652614,0.22631138445987142,0.07504263786242182,0.044911881750994885,0.06038862991537302,0.033479033820181456,성수,case,111.82786898915624,,103.97738340034748,,103.40975896531452,,98.94942067641459,
20221,71190322287,3980339,11982562982,48936253504,2331247508,1721196433,56733014960,31657505091,16204038240,1807,98,54,19367372,0.1683173020862714,0.5580085090369398,0.22761574494176723,0.054233536247924735,0.029883785279468732,0.047638454950570466,0.03517221507076162,성수,case,97.15661806344674,0.10627981301859424,92.38114816854015,0.04838324362693913,106.23162845385067,0.1018292682926829,96.86630251264872,-0.03282165802654957
20222,94234135739,4757941,14281367615,63795474010,3205626432,2206275025,75274356164,42358276467,22831099856,1874,118,52,20018434,0.15155195623117998,0.5627185488603071,0.24228056719525956,0.06296691568836713,0.02774813233724653,0.05024849304352712,0.03458356661248672,성수,case,128.60554132095695,0.1978489164808952,110.42879827526554,0.023262630987520794,110.17048794826573,0.10821998817267886,100.12260226495843,-0.034426404416556866
20223,92330402891,4800020,14283233750,63380027334,3074575737,3414223770,73103039749,41309061764,20657753246,1875,98,95,19448387,0.1546969719915765,0.5650799461395185,0.22373728045340996,0.05226666666666667,0.050666666666666665,0.0485101674191083,0.05386908011269429,성수,case,126.00743192538044,0.35512896043544795,111.40542522432288,0.11420404612228441,110.22927689594356,0.09393232205367563,97.27150067262944,0.0006870582269111747
20224,98476402187,4697899,13514640590,70378580806,3996096526,3439118067,76470384462,43200920051,23779039989,1979,185,83,19377505,0.13723735118121613,0.5649366137614699,0.24146942273383645,0.09348155634158666,0.04194037392622536,0.05678001005753898,0.0488659763753975,성수,case,134.39515215246985,0.2018037486299764,109.03526146889413,0.04864402145101265,116.34332745443857,0.12507106310403637,96.91698291695761,-0.020540168356351307
20231,92493896790,4482576,13093694931,66295798383,3758846707,3310780006,72476139431,40312239986,20463336668,2013,119,90,19610860,0.14156279911882388,0.5562139526537387,0.2212398588250679,0.05911574764033781,0.044709388971684055,0.056698113586092176,0.049939514822239045,성수,case,126.23055936448388,0.2992481817558821,104.0377509636094,0.1261794535591063,118.34215167548501,0.11400110680686226,98.08411266604485,0.012572072246043398
20232,96973457672,4695102,13798745544,69015002555,4242473920,3505669932,76012112069,42797562357,23692917840,2042,122,93,19380546,0.1422940449403428,0.5630360898030371,0.24432373980247446,0.059745347698334964,0.0455435847208619,0.061471763572261744,0.05079576616991694,성수,case,132.34401652724074,0.029069316670840895,108.9703448697232,-0.013207183527496502,120.04703115814227,0.08964781216648876,96.93219253992251,-0.03186503000184726
20233,94714980170,4683678,14164195371,66416155263,4034314158,3433133680,73443478058,41029765617,22653031151,2080,138,102,18985505,0.14954546097752722,0.558657714774862,0.23917052097082225,0.06634615384615385,0.04903846153846154,0.060742964449306054,0.05169124389096603,성수,case,129.26177123016095,0.025826566378304383,108.70520106245519,-0.024237815675767993,122.28101116990005,0.10933333333333328,94.95638699382677,-0.023800534203684887
20234,101493221097,4717166,14058550272,73556220853,4279117627,3577691939,78642254407,45015442402,25466684988,2116,117,78,19437960,0.13851713562784493,0.5724078326777106,0.2509200586279625,0.055293005671077505,0.036862003780718335,0.05817478898965859,0.04863887646090349,성수,case,138.51233989919504,0.030634942412612443,109.48243634062322,0.004101195023562765,124.39741328630218,0.0692268822637696,97.2193498213782,0.003119854697495983
20241,98955492115,4628039,13942858273,70814479476,3611826923,3394074622,77564752066,43604594545,24131645703,2133,118,103,19562612,0.1409002974468205,0.5621702304662402,0.24386363189377788,0.05532114392873887,0.048288795124238164,0.05100407359802874,0.04792910499540279,성수,case,135.04898761292878,0.06985969398251801,107.41385509846835,0.03245076045559525,125.39682539682539,0.05961251862891204,97.84279931885297,-0.002460269462940423
20242,104548277833,5018313,15581147178,73731528873,3568797896,3395376023,81788947017,46102162295,25608639267,2149,117,102,19518726,0.14903303527283843,0.5636722806251262,0.24494558684080778,0.05444392740809679,0.04746393671475105,0.04840260266604712,0.046050530551840545,성수,case,142.68171251792126,0.07811230354001442,116.47186754924927,0.0688400379800056,126.33744855967078,0.05239960822722822,97.62330260282613,0.007129830088378419
20243,97097007651,4673046,15070849020,68061937871,2980773247,2316540947,74528553532,41607359251,22161401045,2145,87,96,19033200,0.15521435093210914,0.558274074554999,0.228239794213388,0.04055944055944056,0.044755244755244755,0.04379500996062669,0.03403577710923564,성수,case,132.51263071152633,0.02514942701486711,108.45843907375827,-0.0022700108760679294,126.10229276895943,0.03125,95.19493450034138,0.0025121796865557044
20244,103113925745,4665875,15318325527,73477034196,4087444144,2311644818,78799277294,43858655035,24175961972,2145,92,102,19554992,0.14855729152318484,0.5565870213677648,0.23445874839240416,0.042890442890442894,0.04755244755244755,0.055628866743542504,0.03146078013755546,성수,case,140.7241880468209,0.01596859997625888,108.29200470384238,-0.01087326585496462,126.10229276895943,0.013705103969754218,97.804687734837,0.006020796421023711
20251,92386697707,4207168,14109379008,65373330617,3006597098,2038909716,70690239423,38297966092,22345037848,2133,77,88,19330308,0.15272089335574285,0.5417716279447096,0.24186423373272006,0.03609939052977028,0.04125644631973746,0.04599118737906479,0.03118870794491526,성수,case,126.0842599795507,-0.06638130201369874,97.6457056491773,-0.09093938058862516,125.39682539682539,0.0,96.68092616750862,-0.011874896869600082
20252,99721933521,4700474,15734465917,69645088157,3381968946,1876874583,76859257701,41494286006,23706467072,2114,92,109,19445942,0.15778340192016582,0.5398736241692863,0.23772570622096653,0.043519394512771994,0.051561021759697255,0.0485600497536319,0.026949130694888152,성수,case,136.09498449225956,-0.04616378587994874,109.0950255886171,-0.06333582620294909,124.2798353909465,-0.016286644951140072,97.25927195571094,-0.003728931898526522
20253,100481491581,4766140,15783496579,71439935686,3512362620,1727000179,75491792563,40963217638,22353942258,2122,100,95,19337055,0.15707864533715277,0.5426181608260932,0.22246825665381442,0.0471253534401508,0.044769085768143264,0.0491652545074773,0.024174156407288566,성수,case,137.13158736132547,0.03485672743041679,110.61909187433683,0.019921481620339243,124.7501469723692,-0.010722610722610715,96.71467142437945,0.015964472605762614
20254,104027425844,4566579,15496172851,75446815844,4940606537,1740908304,78723669787,42861576733,24280992049,2127,79,84,19415701,0.1489623791541101,0.5444560301745223,0.23340952495942643,0.03714151386929948,0.039492242595204514,0.06548462624606453,0.023074642508434606,성수,case,141.97088250427345,0.008859134131495194,105.98740740985728,-0.021281324510407984,125.04409171075838,-0.008391608391608352,97.10802098297778,-0.007123040500348954
20211,384613590565,22895143,52941268989,254556376308,15069298783,19497563481,303821241324,160934546838,81593972709,7521,357,319,106418857,0.1376479414344899,0.5297014327789437,0.21214531860181512,0.04746709214200239,0.042414572530248634,0.05919827663152673,0.07659428439305312,성수,comparison,90.1493374453524,,88.78362845545799,,99.1007016503607,,101.22410405319977,
20212,449078108419,27414335,66128063428,293143516885,17778587870,19176186026,358362330431,192987312083,95583256400,7571,471,415,106244098,0.14725292145904612,0.5385256643768764,0.2128432773899962,0.06221106855105006,0.05481442345793158,0.06064806774142144,0.065415692046578,성수,comparison,105.2591352159802,,106.30831757606659,,99.75952828013308,,101.057875776568,
20213,379756248357,25353053,62315116773,242271005074,14899808738,19185044292,305132236726,163856468525,80739868808,7561,418,409,102550576,0.16409240675460596,0.5370014990324946,0.2126097178316822,0.05528369263324957,0.054093373892342284,0.061500585814835564,0.07918836299102347,성수,comparison,89.01082806206907,,98.31500234628517,,99.6277629541786,,97.54465015292891,
20214,493114081684,27487761,67453160483,327299828201,19535077398,21235147504,387375515972,213111697772,107632439332,7704,539,357,105314200,0.13679017287976314,0.5501424044244552,0.21827086941916535,0.06996365524402907,0.04633956386292835,0.05968557180544317,0.06487980033695331,성수,comparison,115.58069927659834,,106.59305162219027,,101.5120071153276,,100.17337001730333,
20221,401336393131,23068268,57445655067,270470528243,16512066729,19270274765,318520581143,166810870371,87568285333,7729,307,273,104724343,0.14313592300673614,0.5237051551658138,0.21819173848113216,0.0397205330573166,0.03532151636692975,0.06104941206076617,0.07124722567808543,성수,comparison,94.06898461470941,0.0434794894830266,89.45497895439792,0.007561647463831145,101.84142043021379,0.02765589682223113,99.61230642361609,-0.01592306145517053
20222,551933148328,28901381,73189521616,361463251862,23609695858,19129964069,440210854872,235366175150,126744154821,7865,430,246,109003019,0.1326057727058374,0.5346669046096952,0.22963678700029652,0.05467260012714558,0.031277813095994915,0.06531700175987391,0.052923676114947,성수,comparison,129.3672632909412,0.22903596942435223,112.07483930341176,0.0542433730382299,103.63342886319465,0.038832386738872016,103.68212221419472,0.0259677577572357
20223,541609837510,28585437,73246322599,351460947414,22559681218,18525848646,430368445707,230503252709,117617754119,7808,395,466,106655124,0.13523816874476105,0.535595151104385,0.2171632529049629,0.0505891393442623,0.05968237704918033,0.06418830138594614,0.052710973387827514,성수,comparison,126.94758896503393,0.4262038869755349,110.84966002810734,0.1274948622558396,102.88236650525414,0.032667636556011015,101.44883786510621,0.040024621607196
20224,584659816885,28592476,73156957847,393048960215,25177042555,19881495348,457763018633,244541109480,138827752750,7963,605,387,108576074,0.125127391577502,0.5342089673610237,0.23745047759508808,0.07597639080748461,0.048599773954539745,0.06405574140490797,0.05058274505324912,성수,comparison,137.03804653828615,0.18564818690305596,110.87695612146207,0.04018934099434279,104.9247290575485,0.033618899273104796,103.27601819914226,0.03097278429689454
20231,551836491268,27087654,70928634952,366443315949,24338621741,15997534849,436558811004,225258938097,118566526713,7991,441,419,108229354,0.12853197654439533,0.5159876113345381,0.21485807587780206,0.05518708547115505,0.052433988236766364,0.06641851735777696,0.043656233181850336,성수,comparison,129.34460790347654,0.3749973855171298,105.04150196685822,0.17423874215437407,105.29367197022104,0.03389830508474567,102.94622306370563,0.03346892326648443
20232,550971585545,28587935,73899653708,363284783625,24710996152,16952790653,438576100867,224689519380,125304075959,8064,511,420,107234427,0.13412607046677605,0.5123159217655091,0.22742384407183902,0.06336805555555555,0.052083333333333336,0.06802100518888751,0.04666529240184055,성수,comparison,129.1418831953699,-0.0017421725546162836,110.85934686447615,-0.010845364102151422,106.25555884968871,0.0253019707565163,101.99986264401669,-0.016225165286477106
20233,543610895428,28160159,72675633778,359585127797,24289044489,19940477392,430554056305,218821250976,127139366012,8046,449,440,105404955,0.1336905392979301,0.5082317719961029,0.23387935576953373,0.055804126273924934,0.05468555804126274,0.06754741120081063,0.05545412157106004,성수,comparison,127.41661567111697,0.003694648397081668,109.20050134225505,-0.014877435667679295,106.01838126297065,0.030481557377049162,100.25969488323709,-0.011721602798942854
20234,597037113489,28709277,71071347008,402783790714,25795349808,22695428101,466879113374,239287813297,143627539066,8108,475,434,107314113,0.11904008210254996,0.512526275951255,0.24056718723340512,0.0585841144548594,0.053527380365071535,0.06404267103766399,0.05634642859080464,성수,comparison,139.93915329994812,0.02117008257886588,111.32989133952233,0.004085025724949398,106.83532628388839,0.018209217631545815,102.07565883449432,-0.011622827695906612
20241,549333854816,26695755,66593530320,368982265505,22486968114,21213640214,438186822547,220263072872,125987497894,8160,490,446,105998901,0.12122597166764022,0.5026693217100898,0.2293459556323898,0.06004901960784314,0.05465686274509804,0.060943221981749375,0.05749230301073247,성수,comparison,128.75801652046545,-0.004535105038540488,103.52178159611996,-0.014467808840145424,107.52050597885166,0.021148792391440407,100.82464787559991,-0.020608577225731173
20242,564373761169,28919847,73004138759,373423901845,23542605234,21258042650,451347787856,225768780111,128742278943,8171,458,454,106044060,0.12935423965810333,0.5002102285323048,0.22811528068975645,0.05605189083343532,0.05556235466895117,0.06304525531890569,0.05692737541696981,성수,comparison,132.28321070554708,0.02432462213227038,112.14644743807415,0.01161021248998928,107.66544783740159,0.013268849206349298,100.86760247447272,-0.011100604845867279
20243,547953349013,27915831,70001069103,360675025523,21903742466,20439634627,432759119007,215369890414,122954254269,8149,407,471,103532324,0.12775005249824514,0.4976669027984511,0.22438817919531132,0.0499447785004295,0.057798502883789425,0.06072985628610766,0.056670501644413354,성수,comparison,128.43444063408793,0.007988165103977707,108.25303722843557,-0.008676371465090149,107.37556412030175,0.012801391996022815,98.47847489515502,-0.017766062326007304
20244,602533574042,28223037,69703656829,412016112054,24323926944,21274382285,468519268133,232515362947,138085310923,8130,397,419,105709145,0.11568427027460756,0.49627705574105685,0.22917446740216782,0.04883148831488315,0.051537515375153754,0.059036348900870256,0.05163483092673744,성수,comparison,141.22746522990246,0.00920622927589787,109.44433196563321,-0.01693668565739226,107.12521000098825,0.002713369511593511,100.54903608723012,-0.014955796168207636
20251,538039572655,25237358,62436680507,366860574777,20016385581,19954972916,425871184379,204688418013,128670906981,8057,316,409,104448557,0.11604477380520753,0.48063458041067997,0.23914766407619972,0.03922055355591411,0.05076331140623061,0.05456128828552146,0.054393887727319394,성수,comparison,126.11075683252955,-0.020559960144424405,97.86635601574449,-0.054630296090146135,106.16332312152058,-0.012622549019607798,99.34998270066522,-0.014626038434115474
20252,563710036268,27763331,70497902433,376946593168,24109897922,20662555506,446090070177,212263632712,129579376739,8033,355,401,105681151,0.12506057706498552,0.4758313329587853,0.2298688481703653,0.04419270509149757,0.049919083779409935,0.06396104477128023,0.054815604864190876,성수,comparison,132.12764064370074,-0.0011760378434766405,107.66166711384588,-0.03999039137378557,105.84708633922983,-0.0168889976747032,100.52240859235987,-0.003422247318708882
20253,564363775051,28485742,74616562598,385881517743,23547669464,20424590756,442745493533,210617220784,128233762501,7996,356,425,105349232,0.13221359324711637,0.47570720393634375,0.22721827333693037,0.04452226113056528,0.053151575787893944,0.06102305599327233,0.05292969426331253,성수,comparison,132.28087006563356,0.029948582425053605,110.46305908663835,0.02041533350735647,105.35955463319827,-0.0187753098539698,100.20669195772966,0.01754918589483223
20254,592306893614,27686629,69818798590,414466499282,24928589860,21121199761,460351646928,217007636708,136995835606,7980,310,373,105458885,0.11787605267262034,0.47139537385415387,0.23129198238789822,0.03884711779448621,0.04674185463659148,0.060146211824562375,0.050959968532050856,성수,comparison,138.83044004029534,-0.016972797647433868,107.36422927430976,-0.01900603397146805,105.14873011167111,-0.01845018450184499,100.31099233263168,-0.0023674394490655892
20211,25402016459,1052280,3876614985,17616380297,4699939533,328906547,23820196877,16731426708,10266384108,837,48,33,6866678,0.1526105217377932,0.7024050554408019,0.4041562654905923,0.05734767025089606,0.03942652329749104,0.26679371435915133,0.018670495382982363,연남,case,89.51624724958216,,91.65485538042648,,93.93939393939394,,99.54021195651859,
20212,30591561239,1257210,5059858286,20460719404,5592841237,382281560,28770400432,20823706837,11964825518,884,85,37,7120673,0.16540045950807447,0.7237892599450491,0.39111523025985695,0.09615384615384616,0.0418552036199095,0.27334528794264285,0.01868368127492454,연남,case,107.80410933285657,,109.5045052009218,,99.21436588103255,,103.222154831355,
20213,24991285457,1067856,4343658474,16895721270,4116625861,335630389,23439978097,16203119040,9706271895,905,57,30,6758536,0.17380692487682148,0.6912599906428146,0.38838626015058764,0.06298342541436464,0.03314917127071823,0.24364901593810442,0.019864815691292472,연남,case,88.06883861619889,,93.01154374037395,,101.5712682379349,,97.97257217474903,
20214,32523096526,1215013,5096636273,21748997939,5472516707,424127783,30569225649,22029658001,13014248685,938,79,46,6847697,0.15670821100707882,0.7206482183731941,0.40015404666637433,0.08422174840085288,0.04904051172707889,0.2516215561907227,0.019501026400828333,연남,case,114.61080480136236,,105.82909567827777,,105.27497194163861,,99.26506103737738,
20221,28101495925,1052650,4517464984,19255620373,4641348939,315715077,26562459032,18756538515,11689513592,952,44,30,6805240,0.16075532050167896,0.7061295978811244,0.41597478024650747,0.046218487394957986,0.031512605042016806,0.24103866035435784,0.016395996123952043,연남,case,99.02916413606854,0.10627028253276993,91.68708282605955,0.00035161744022493835,106.84624017957351,0.13739545997610514,98.64959912420221,-0.0089472667860645
20222,33728565020,1217961,5338008476,22303272617,5579569550,373445895,31486882744,22210119106,13618302668,978,74,49,6886132,0.15826372906273142,0.705376879844743,0.4037616975381184,0.07566462167689161,0.050102249488752554,0.2501681993407165,0.016743995440173746,연남,case,118.85885400385995,0.10254474286198745,106.08587002888929,-0.031219128069296276,109.76430976430976,0.10633484162895934,99.82221954205006,-0.032938038300593164
20223,33103500925,1181248,5311842319,21680656942,4799356139,380565054,30965642606,21876795698,13052803740,995,68,55,6636535,0.16046164818140002,0.7064860877055102,0.3943028191964563,0.06834170854271357,0.05527638190954774,0.22136580786455026,0.017553206760205005,연남,case,116.65613942152875,0.32460176896294013,102.88812351124989,0.10618660193883822,111.672278338945,0.09944751381215466,96.2040306181321,-0.018051394562372702
20224,35384241252,1195253,5132318139,24214329711,5266010500,418990473,32996895547,23483850834,14925371073,1040,88,43,6492286,0.14504530710291574,0.7116987960443174,0.42180842501904386,0.08461538461538462,0.041346153846153845,0.21747496473576863,0.01730340992299541,연남,case,124.69342714446813,0.08797270345130603,104.10797587906346,-0.016263200476044237,116.72278338945006,0.10874200426439229,94.1129793070737,-0.05190226728781955
20231,30749452579,1075813,4819139553,20622646920,4896788172,432737437,28853414234,21288088277,11856588384,1059,60,44,6478086,0.15672277549068234,0.7378013605029368,0.38558697438722295,0.056657223796033995,0.04154863078375826,0.23744712262183268,0.020983603059233292,연남,case,108.3605155635517,0.09422831656603359,93.7046080238936,0.02200446492186381,118.85521885521885,0.11239495798319332,93.90713435413102,-0.04807383721955438
20232,28843872198,1075908,5208499419,18427056950,4518305524,405552193,26610254453,19708132933,11384538446,1085,78,52,6559528,0.18057559620449126,0.7406217391798797,0.39469521872272717,0.07188940092165899,0.047926267281105994,0.24519952026305536,0.022008516829378984,연남,case,101.64528471505298,-0.14482361817360234,93.7128826383129,-0.11663181333392447,121.77328843995511,0.10940695296523528,95.08772763987454,-0.04742923893994477
20233,28255268804,1045737,4974274270,18533502187,4283630337,374639177,26577561289,19485533110,11578420766,1084,67,68,6614952,0.17604767112659037,0.7331573013083308,0.40977917592349655,0.061808118081180814,0.06273062730627306,0.23112902751886136,0.020214159915376603,연남,case,99.57105698457771,-0.14645677905742538,91.08495219994778,-0.11471850111068971,121.66105499438832,0.08944723618090444,95.89116078578266,-0.0032521488999907033
20234,30368889750,1040999,4917356993,20707510362,4615584903,365682881,28238950581,21029721189,12399135992,1084,53,53,6726123,0.16192086814764112,0.7447061861834702,0.408284138606022,0.048892988929889296,0.048892988929889296,0.2228942457259363,0.017659432476781874,연남,case,107.0194190269933,-0.1417396932798869,90.67226669343577,-0.12905552213631755,121.66105499438832,0.04230769230769238,97.50270932547218,0.036017667736757186
20241,30541282001,1040899,4835212607,21430594744,4517839186,325260662,28712763054,20942792959,12184898294,1089,60,55,6526061,0.1583172771477531,0.7293896766261386,0.39896485987723224,0.05509641873278237,0.050505050505050504,0.21081259012957984,0.015177397822384952,연남,case,107.62692620617082,-0.006769895414078575,90.66355657299441,-0.03245359555982308,122.22222222222223,0.028328611898017053,94.60258587648491,0.007405736817942765
20242,28589379186,1047152,4649777532,19703241479,4095603652,347314038,26752633669,18961957395,10873486089,1084,65,72,6448921,0.16264003152180934,0.7087884366679174,0.38033306068865824,0.05996309963099631,0.06642066420664207,0.207864460087197,0.0176272537881735,연남,case,100.74845593682379,-0.0088231222997045,91.20820040419314,-0.026727192287816393,121.66105499438832,-0.0009216589861751334,93.48435491380894,-0.016862036414815207
20243,29026629698,1040939,4772911377,19852734670,4934162934,494843745,26857400650,19115565825,11206479348,1067,58,74,6357891,0.16443215856124227,0.7117429595704378,0.3860758022751829,0.05435801312089972,0.06935332708528585,0.24853819969982,0.024925721983670678,연남,case,102.28931884451357,0.027299718836537812,90.66704062117095,-0.004588151705447907,119.75308641975309,-0.01568265682656822,92.16477279645878,-0.038860599441991384
20244,30802213216,1046375,4491504134,21723448948,5299097225,572873452,28431569782,20489014872,11670951568,1059,39,50,6593739,0.14581757818840493,0.720643110074477,0.37889977210915493,0.036827195467422094,0.047214353163361665,0.24393443406176388,0.026371201615880722,연남,case,108.54644309550022,0.014268663410719418,91.14052276836371,0.005164270090557199,118.85521885521885,-0.023062730627306238,95.5836545191085,-0.019682066474252746
20251,28092722666,987853,4337738476,19684189952,4909014336,499172446,26494425215,19102248510,11473396660,1036,37,57,6695602,0.15440790583284647,0.7209912407982767,0.4084117013651367,0.03571428571428571,0.05501930501930502,0.24938868950008394,0.025359054511119566,연남,case,98.99824732979468,-0.0801721203098098,86.04318608366637,-0.050961716746773744,116.27384960718294,-0.04866850321395777,97.06027314175643,0.02597907068291261
20252,27501696247,979875,4388389726,19330803532,4169370778,512073919,25608793741,17660206335,10869740337,1033,46,46,6440816,0.15956796579333551,0.6896149234364674,0.3952389059705987,0.044530493707647625,0.044530493707647625,0.2156853320193374,0.026490048287559204,연남,case,96.91548090297842,-0.03804500027522917,85.34829267485404,-0.06424759729246565,115.9371492704826,-0.04704797047970477,93.36686383327371,-0.0012567993932628418
20253,26957632046,943511,4626619371,18285475436,4031029002,607594836,25070893432,17568988888,10377567919,1020,48,62,6346996,0.17162558503303343,0.7007723492444543,0.3849584377920105,0.047058823529411764,0.060784313725490195,0.22044977808254348,0.033228276624614424,연남,case,94.9982084842722,-0.07127929330846694,82.180944477555,-0.09359626260520548,114.47811447811448,-0.04404873477038429,92.00683753150733,-0.0017136185568453755
20254,28838630045,962602,4425208846,19981762227,4497224772,635584714,26995518766,19134031200,11064015083,1006,33,48,6472654,0.15344726289337854,0.7087854605001592,0.38365258910480954,0.032803180914512925,0.04771371769383698,0.225066474163285,0.0318082412741944,연남,case,101.62681146255252,-0.06374811956629245,83.84379357101655,-0.08006020786047063,112.90684624017958,-0.050047214353163394,93.82839141156872,-0.018363632530799312
20211,103841614665,5457782,10212032683,66591592441,6940822206,6883974345,96171200766,63473627932,34577528448,2648,149,85,33065312,0.09834239111116194,0.6600066072424482,0.33298334737522545,0.05626888217522659,0.03209969788519638,0.1042297075587966,0.10337602830416145,연남,comparison,85.84011661408913,,87.28162181104206,,98.347260909935,,99.80392780514889,
20212,126874816323,6622805,13485644274,78143700802,8167615958,7091885161,117817481686,78762759853,41665897114,2665,176,162,33533384,0.10629094618484432,0.6685150516365111,0.3284016349464205,0.06604127579737336,0.06078799249530957,0.1045204651708914,0.09075440615449443,연남,comparison,104.88038984844746,,105.91283443315955,,98.9786443825441,,101.21675052690672,
20213,108164543994,6072378,12734871371,67616027688,7382801412,6805054822,100470176903,66268461806,35463200128,2689,174,142,32377205,0.11773609817748057,0.6595834092138565,0.32786344599175843,0.06470806991446634,0.05280773521755299,0.10918715080493031,0.10064262948720532,연남,comparison,89.4136430746797,,97.11032798482826,,99.87000928505107,,97.72695416733119,
20214,145002872156,6859320,14756360933,87055037133,9754002620,7559014467,133793052609,91753479174,49316019967,2768,235,136,33545184,0.10176599065654716,0.6857865740020339,0.3401037457654205,0.08489884393063583,0.049132947976878616,0.1120440923492817,0.0868302939834667,연남,comparison,119.86585046278371,,109.69521577097015,,102.80408542246983,,101.2523675006132,
20221,122746063206,6018494,12991514692,76930061409,8028295771,10885262160,114360909147,76616042563,41767123362,2780,118,104,34160568,0.10584058138139095,0.6699495757288656,0.340272610551296,0.04244604316546763,0.03741007194244604,0.10435836945868829,0.1414955605212417,연남,comparison,101.46737811728917,0.18205079535778612,96.24860743430678,0.10273623973987966,103.2497678737233,0.049848942598187396,103.10983493683288,0.033124018306556424
20222,175826782974,7906676,17436170352,105418944520,10650800411,11024209851,163590683707,111379658826,61171362893,2825,163,110,35027161,0.09916674841612916,0.680843531563736,0.3479069676321473,0.05769911504424779,0.03893805309734513,0.10103307768348353,0.10457522508118544,연남,comparison,145.34627184928993,0.38582886714395137,126.44468108371547,0.1938560775985403,104.92107706592387,0.060037523452157515,105.72554850422482,0.04454596649118381
20223,167236479513,7412485,16288729912,101537872763,11322673637,10795255777,155022060997,105401114207,56549397843,2821,150,165,33563431,0.09739938295420653,0.6799104174536793,0.33814032684540085,0.053172633817795106,0.05848989719957462,0.1115118263648117,0.10631752944241066,연남,comparison,138.24514333523965,0.5461303060851139,118.54150870262353,0.2206889953161677,104.77251624883937,0.04908888062476757,101.30744401919137,0.03663769000443362
20224,174245203608,7439750,16290604322,107967746599,12015139314,10051930978,159082135061,107225656443,61913913680,2862,212,145,33907799,0.09349241175469614,0.6740270137931224,0.3553263584763454,0.07407407407407407,0.0506638714185884,0.11128452424431061,0.09310123897772542,연남,comparison,144.0388677064532,0.2016672567736446,118.97753443957639,0.08461917507857919,106.29526462395543,0.03395953757225434,102.34688012100112,0.010809748427673016
20231,165687465696,6848014,15626125610,102454360946,11640494752,9791136831,152930015637,101700360337,54913465990,2874,164,162,33893164,0.09431084931113919,0.665012423580728,0.3314280036774424,0.05706332637439109,0.05636743215031315,0.11361639118646483,0.09556583771149141,연남,comparison,136.96465932969835,0.34983934611355383,109.51440861960432,0.137828499953643,106.74094707520891,0.03381294964028769,102.30270601844228,-0.007827855789751537
20232,171481368539,7716221,17220879356,108469228583,11270557372,10051717662,157282029323,102960752975,58555801763,2898,188,155,33936676,0.10042420061561065,0.6546250287981478,0.3414703431742362,0.06487232574189096,0.05348516218081435,0.10390557321402759,0.09266884067778251,연남,comparison,141.7541581958158,-0.02471417813316057,123.39889778163011,-0.02408787207165186,107.63231197771587,0.025840707964601695,102.43404209979114,-0.031132554533894408
20233,160000436226,7104371,16347754840,102176906753,9902111648,9548007718,146856855282,95047376387,55246459435,2898,170,167,33052899,0.10217318918373984,0.6472110287564479,0.34528943006733176,0.05866114561766736,0.05762594893029676,0.09691144469598328,0.09344584820013317,연남,comparison,132.2635067670437,-0.043268330618245976,113.6141060282977,-0.04156689693132598,107.63231197771587,0.027295285359801413,99.76646055984223,-0.015210959809204283
20234,169864501651,7289471,16985599813,109820372995,9980040362,9620178072,153841719415,99997168780,59414138433,2919,172,156,34076407,0.09999499393874685,0.6500003325512104,0.3497737187907043,0.05892428914011648,0.05344295991778006,0.09087603774988436,0.08759921141806717,연남,comparison,140.41758381122892,-0.025141018899178857,116.57425141285572,-0.020199469068181042,108.41225626740948,0.01991614255765195,102.85580441784037,0.0049725433373013495
20241,156284114484,6601564,15546915184,100577809023,8700301444,7254523193,144221148880,94026041707,53494777125,2929,197,197,33567693,0.09947853776009753,0.6519573754417591,0.3422918400991847,0.06725844998292933,0.06725844998292933,0.08650319119608607,0.07212846713872088,연남,comparison,129.19142923109723,-0.05675354603620453,105.57314535637188,-0.03598853623838971,108.7836583101207,0.01913709116214335,101.32030838715212,-0.00960285088757129
20242,164153483636,7303966,17528890776,105814495205,9479173092,7090233698,151344876984,97324835753,54782664917,2935,180,188,33749252,0.10678354420347977,0.6430666018730787,0.3337283114775505,0.06132879045996593,0.06405451448040886,0.0895829354346538,0.0670062611390218,연남,comparison,135.69660124586443,-0.04273283427484087,116.80605750334286,-0.05342705969670902,109.00649953574745,0.012767425810904065,101.86832382182806,-0.005522756559894093
20243,149515543737,6627687,16356840024,96019718934,8695567601,6837254970,136613400547,87334901111,50058605351,2917,164,189,32658866,0.1093989267950088,0.6392850244654704,0.3348053593615244,0.05622214604045252,0.06479259513198492,0.0905602276025925,0.0712067796688683,연남,comparison,123.59622634343428,-0.06553039939334993,105.9909080677755,-0.06709728419306926,108.33797585886722,0.006556245686680562,98.57711623776699,-0.011921284120948061
20244,160414680798,6936027,17182183056,104358656003,9277975400,6966666818,144345023788,91887835936,52590795573,2887,120,163,33407285,0.10711103853166924,0.6365847157360683,0.32784278416028667,0.04156563907170073,0.05645999307239349,0.08890470379125318,0.06675696185469972,연남,comparison,132.60593983187948,-0.05563152254386505,110.92192496607167,-0.04848692038146529,107.22376973073352,-0.010962658444672813,100.83613486865129,-0.019635931687281505
20251,145804498959,6100005,14899839374,94792727077,8119394286,6266928541,132835586898,84655087165,50258238709,2857,107,143,32232345,0.10219053239358418,0.6372922282490746,0.3446960763750681,0.037451872593629684,0.05005250262513126,0.08565419031994541,0.06611191316301496,연남,comparison,120.528510981618,-0.06705489908299589,97.55214287699025,-0.07597578392029525,106.10956360259982,-0.024581768521679703,97.28971053927003,-0.03978074990140068
20252,153345713585,6921067,16469425309,99054339467,8403468681,6211349788,139299891670,87326273148,49988142748,2844,131,169,32131498,0.10740062388422059,0.6268940492421562,0.32598330647365253,0.04606188466947961,0.05942334739803094,0.08483695642430304,0.06270648839235675,연남,comparison,126.76241580865745,-0.06583941937513527,110.68268252980485,-0.05242343680132133,105.6267409470752,-0.03100511073253831,96.98531520474647,-0.04793451422271522
20253,146623043077,6539671,15948565561,95592832051,7676087576,6375736565,132786489347,82545910529,48304837117,2806,142,196,31601472,0.10877257234815753,0.6216438956623784,0.32944915139724945,0.05060584461867427,0.0698503207412687,0.08029982386027343,0.06669680590275287,연남,comparison,121.20515610861813,-0.019345819088134042,104.58334374488376,-0.013280047775339976,104.21541318477252,-0.03805279396640382,95.38549129747919,-0.032376935561694076
20254,153978434684,6602192,15346780135,102171425938,7991163210,6622716816,138481132346,85924384111,49553201103,2810,131,136,31757440,0.09966837347382577,0.6204771917687306,0.32181909891924043,0.04661921708185053,0.048398576512455514,0.07821328846725917,0.06481965730828518,연남,comparison,127.28545132864211,-0.040122550392409306,105.58318842120981,-0.048130579653164585,104.36397400185702,-0.026671285071008022,95.85626317502607,-0.04938578516631931
20211,29247731997,1196376,3327153809,20484409447,843037244,380595048,18225505875,9673287589,4900668536,751,40,24,5208918,0.11375766877723281,0.530755505791962,0.16755721559889403,0.05326231691078562,0.03195739014647137,0.041155067036773435,0.018579742266172053,용리단길,case,86.46577137041234,,84.57226756518845,,96.15877080665813,,102.4550506793163,
20212,35031804385,1475419,4170597188,24360325200,1250458197,402588677,22663417087,12617319255,6124357104,766,58,43,5331045,0.11905173773423375,0.5567262521165637,0.174822770665571,0.07571801566579635,0.05613577023498695,0.051331753034232895,0.016526408153204785,용리단길,case,103.56536325473424,,104.29792175600545,,98.07938540332907,,104.85718639623732,
20213,30383511037,1431321,4302023164,20380349771,1315833358,380223357,20351723969,11440793158,5822261806,790,53,23,4896227,0.1415907186882103,0.5621535146323112,0.1916257077369975,0.0670886075949367,0.02911392405063291,0.06456382607683951,0.01865637053692939,용리단길,case,89.82350217873689,,101.18061761826809,,101.15236875800257,,96.30468082285742,
20214,40640120683,1555363,4392714775,29379687068,1636656782,414675794,26973106949,15638105547,7806743223,817,59,32,4900213,0.10808813313483831,0.5797665643994255,0.19209448918456598,0.07221542227662178,0.03916768665850673,0.05570708694792828,0.014114370688844398,용리단길,case,120.14536319611653,,109.949193060538,,104.60947503201024,,96.38308210158895,
20221,34018983389,1354855,4105976371,24363678836,1335407129,394707972,23018803361,13320880210,6884303028,839,37,15,4882699,0.12069662176700033,0.5786955994667007,0.202366512522712,0.04410011918951132,0.017878426698450536,0.05481139108707959,0.01620067210115969,용리단길,case,100.5711362600301,0.1631323547579484,95.77520743648603,0.1324658802918146,107.42637644046094,0.11717709720372826,96.03859640271685,-0.06262701774149637
20222,46386812420,1704454,5233905545,33365791671,1915540133,471174112,32465127033,18890870357,10021506570,874,51,11,5156556,0.1128317569573581,0.5818819171044024,0.216042147480674,0.05835240274599542,0.012585812356979404,0.057410300702227864,0.014121472574245038,용리단길,case,137.1344457656179,0.3241342612618039,120.48849169538316,0.15523386915852377,111.9078104993598,0.14099216710182771,101.42513403181476,-0.032730731029282256
20223,44030180546,1610034,4877402247,32282968269,2179530100,447505279,31211459656,18400120010,9221820130,878,42,36,5518392,0.11077406875278181,0.5895309034822027,0.20944315957018653,0.04783599088838269,0.04100227790432802,0.06751331172025196,0.01386196198785478,용리단길,case,130.16747845196736,0.44914721976606176,113.81390652859187,0.1248587842978619,112.41997439180538,0.11139240506329107,108.54214484242863,0.12707029310528295
20224,49575424449,1594057,4689334403,37573927857,2427552998,423476064,34624713701,20578009726,11462195675,924,82,27,5594717,0.09458989923170673,0.5943156643460039,0.2312072120893603,0.08874458874458875,0.02922077922077922,0.06460737901128823,0.011270476315696302,용리단길,case,146.56101595973553,0.21986410512156018,112.68448641410528,0.02487779380118993,118.30985915492958,0.13096695226438193,110.04339361292162,0.14172934931603987
20231,49880742249,1559436,4482062637,38388976638,3014527608,340603174,35014569633,20375060602,10836579686,938,47,32,5706896,0.08985557220912958,0.5819023570918668,0.21724976809496555,0.050106609808102345,0.03411513859275053,0.07852586528748508,0.008872421299786564,용리단길,case,147.46363429242624,0.4662619890378288,110.23711495615694,0.1509984463282048,120.10243277848912,0.11799761620977356,112.24986050876352,0.1687994693099042
20232,50743003001,1629147,4881867194,38866972421,2576227123,370384280,36136620635,20994952079,11719859500,963,66,42,5646370,0.0962076918053863,0.580988252638804,0.2309650357068744,0.06853582554517133,0.04361370716510903,0.0662831952819678,0.009529537726480587,용리단길,case,150.01275642783693,0.09391010836350966,115.1650116577264,-0.044182477203843606,123.30345710627401,0.10183066361556059,111.0593648247431,0.09498859316179242
20233,51174937303,1632578,4882274758,38908932971,2463010521,320396136,36257198841,21702424160,12518976322,985,62,31,5676788,0.09540362949724199,0.5985686940453514,0.24463100458485773,0.06294416243654823,0.03147208121827411,0.06330192922113172,0.008234513556020694,용리단길,case,151.28969416125165,0.16226953122610066,115.40755033287213,0.014002188773653224,126.12035851472471,0.12186788154897488,111.6576613868244,0.028703288929093906
20234,55222612573,1626214,4591659883,42578294950,2407911759,382044182,39096456247,23597916438,13379531746,1017,60,32,5813521,0.08314818276535146,0.6035819791163488,0.2422835704904997,0.058997050147492625,0.03146509341199607,0.056552564207365,0.008972744973668796,용리단길,case,163.2559336123445,0.1139110393257341,114.95767678911595,0.02017305529225122,130.21766965428938,0.10064935064935066,114.34708488025144,0.03910903804428356
20241,53205151867,1603472,4701330948,41074072315,2374141261,326810176,38525177666,22678555491,13027687361,1026,51,39,5884324,0.08836232550848064,0.5886684206265121,0.24485762945599826,0.049707602339181284,0.038011695906432746,0.057801457883029976,0.007956605166725845,용리단길,case,157.29166615489927,0.06664715615908157,113.35003629067104,0.028238414401104084,131.37003841229193,0.09381663113006389,115.7397205395664,0.03109010572472326
20242,55383754751,1729071,5836586647,41444498597,2521812238,323700391,40589108773,24046315242,13792958940,1049,47,29,5658829,0.10538445205170231,0.5924326985468497,0.24904340635646333,0.044804575786463297,0.027645376549094377,0.06084793696074643,0.007810454993016404,용리단길,case,163.73232209684332,0.09145599344817135,122.22867664614466,0.06133516496669733,134.31498079385403,0.08930425752855653,111.30442291097398,0.002206550403179408
20243,53489061720,1694258,5692465735,40251935505,2384143761,271846691,39164329343,23626436587,13454939602,1055,44,39,5596273,0.10642298727912702,0.6032641687817604,0.25154562763566085,0.04170616113744076,0.03696682464454976,0.05923053714283745,0.006753630293535371,용리단길,case,158.13099566057934,0.04521987791207982,119.7677326362791,0.03778073696938211,135.0832266325224,0.07106598984771573,110.07399882860307,-0.014183196554107713
20244,61040621023,1775403,5770098086,47156025642,2639021112,397991561,43872671313,26872818355,15367451333,1065,45,38,5725220,0.09452882341786524,0.6125183981454364,0.251757781546973,0.04225352112676056,0.03568075117370892,0.055963603295048014,0.00843988770430909,용리단길,case,180.45585149043592,0.10535554510951561,125.50390308066885,0.09174007848905497,136.36363636363637,0.0471976401179941,112.61027822865233,-0.015188901872032479
20251,56251696686,1612313,5372479018,43427297630,2568898286,359747208,40806074866,24692884658,15564156336,1067,36,36,5623799,0.09550785726499002,0.6051276614839116,0.27668776682203844,0.033739456419868794,0.033739456419868794,0.05915399820377909,0.008283895789810397,용리단길,case,166.29823964977362,0.05726033498815353,113.9750098922343,0.005513660357025163,136.61971830985917,0.0399610136452242,110.61541217490625,-0.04427441452917957
20252,59586417859,1770946,5911386118,46018783597,3068156496,347807333,43439598019,25859381574,15974355251,1063,42,45,5518689,0.09920693893679225,0.5952951397637103,0.2680871887415735,0.03951081843838194,0.04233301975540922,0.06667182954831548,0.0075579427749731705,용리단길,case,176.15675580953146,0.07588259638398953,125.18883608121547,0.02421820734949587,136.10755441741358,0.013346043851286904,108.54798658346807,-0.024764840923802378
20253,62510041093,1932231,5668824727,49850820759,3447262524,393322791,46215064876,28252130389,16748911356,1073,43,39,5890768,0.09068662614644811,0.6113186352719294,0.26793953520333835,0.04007455731593663,0.036346691519105315,0.06915157005469436,0.007889996293170158,용리단길,case,184.79993327540126,0.16865091820496425,136.59013314355323,0.14045853701148237,137.38796414852752,0.017061611374407537,115.86646861787702,0.05262341561964545
20254,66860765888,1801821,5004165962,54670117203,2829000066,391623871,49430608903,30390674123,17834234982,1082,41,38,5774895,0.07484458030861617,0.6148148848952487,0.2667369232933188,0.03789279112754159,0.03512014787430684,0.05174673497580795,0.007163399148127486,용리단길,case,197.66208530341632,0.09534871643601028,127.37140139602886,0.014880001892528139,138.5403329065301,0.015962441314554043,113.58734383853428,0.008676522474245552
20211,186727841262,9544688,17185898607,137848549368,5710005748,5099050816,138689338676,75939386250,34480252625,3611,227,175,25411359,0.09203715145448646,0.5475502801798362,0.18465512369213521,0.0628634727222376,0.048463029631680976,0.041422312923704324,0.03699023921091539,용리단길,comparison,91.25278385023908,,89.90312092237872,,97.53528259841988,,99.82681602240778,
20212,214962688187,11114705,21064347689,159650250443,6424497774,5020069936,162613495159,90648647251,40788255409,3683,306,227,25868000,0.09799071581518247,0.5574484895141433,0.18974574496164445,0.08308444203095303,0.06163453706217757,0.040241075451953275,0.031444172007687,용리단길,comparison,105.05098537218826,,104.69139144533246,,99.48004591802282,,101.62069950165375,
20213,180342267167,10433997,21920435213,130586018079,5485226265,4848482281,138862341440,77903767320,35184683299,3711,254,217,24980364,0.12154907198045428,0.5610143579039452,0.195099484173715,0.0684451630288332,0.05847480463486931,0.04200469809625123,0.03712864786233727,용리단길,comparison,88.13219182329478,,98.27968122108724,,100.23634276453508,,98.13368113058331,
20214,236475235176,11373158,23003093945,176031696156,7164595110,5547544407,175873620538,101777580926,46516122109,3804,338,201,25562052,0.09727485386738119,0.5786972521214999,0.1967061035984581,0.08885383806519453,0.0528391167192429,0.04070059691778864,0.031514463179879514,용리단길,comparison,115.56403895427788,,107.1258064112016,,102.74832871902221,,100.41880334535516,
20221,193918533027,9611727,20038446012,146376559989,5905195387,5411812199,145829134686,79935031339,38328592550,3841,212,168,25522447,0.1033343523138656,0.5481417105787296,0.1976530657060167,0.05519395990627441,0.04373860973704764,0.04034249327517853,0.03697184986043319,용리단길,comparison,94.76683208713034,0.0385089428357428,90.53457323632709,0.007023697369678228,103.74772098048484,0.06369426751592355,100.26321776456952,0.00437158831214024
20222,262094916261,11785391,24438329604,192607370008,8451702218,5845768747,198536890411,112120807210,55703111440,3925,276,168,26369276,0.09324228776594722,0.5647353848339911,0.21253030098656928,0.07031847133757962,0.04280254777070064,0.043880471539842716,0.030350701256951874,용리단길,comparison,128.0842245064756,0.21925771617164935,111.00870266168091,0.060342222308194415,106.01661152002161,0.06570730382840084,103.58992857863655,0.019378227926395653
20223,263846013037,11922051,25474350269,193016413106,8909455939,5559320853,199877501533,113263261914,53651384158,3927,274,290,25883071,0.09655006712353711,0.5666633865507875,0.20334354701989107,0.06977336389101095,0.07384772090654444,0.04615905868122801,0.028802321852012418,용리단길,comparison,128.93997507115424,0.4630292564342342,112.2959276087145,0.14261591219548952,106.0706327233439,0.058205335489086574,101.67990491228423,0.03613666318072872
20224,277856046339,11595235,23780891732,207779179958,10184308889,5375940157,207979321317,117570104765,61202108461,4057,406,226,26218370,0.08558709463167836,0.5652970882898537,0.2202655269424297,0.10007394626571359,0.0557061868375647,0.04901505959865003,0.025873334171819716,용리단길,comparison,135.78659490032177,0.17499004127092532,109.21758933643488,0.019526414738984643,109.58201093929367,0.06650893796004209,102.99710449950416,0.025675481764922514
20231,265694186148,11162414,23136834113,197550184692,9622021249,4504686527,201744701367,109892938419,53378965885,4057,250,254,26559323,0.08708069396788402,0.5447128855150964,0.20090377835842535,0.06162188809465122,0.06260783830416564,0.04870671856876099,0.02280274520635476,용리단길,comparison,129.84316626254852,0.37013302442323237,105.14077103700541,0.16133281771319563,109.58201093929367,0.056235355376204055,104.3365154457384,0.040626041852491745
20232,261181993179,11572229,24987101559,192953050775,9525973741,4541678574,198630468485,107533654994,54875444663,4091,301,252,25908307,0.09566931186513764,0.5413754285240516,0.21010424185480253,0.07357614275238328,0.06159863114153019,0.04936938650484522,0.02353773913269706,용리단길,comparison,127.63808443378687,-0.003483177373386659,109.00089171363776,-0.018086968858309405,110.50037139577285,0.04229299363057315,101.77904284226041,-0.017481291484832573
20233,260282119594,11630112,25155358465,192060083723,8991242090,5036963475,197238417763,105883343758,56870034028,4086,300,307,25775545,0.09664650996479698,0.536829208826997,0.21849381784929556,0.07342143906020558,0.07513460597161038,0.04681473586655144,0.026225977711561325,용리단길,comparison,127.19832157255757,-0.013507475068422647,109.54610202835417,-0.024487313466449723,110.36531838746708,0.04048892284186412,101.25749624773286,-0.004154298382908261
20234,274652999858,11289829,22784123745,205165733951,9043510959,5375429201,203834869692,110403041840,60739326494,4138,304,280,25532682,0.08295603454824726,0.5416298104775792,0.22114932851781413,0.07346544224262928,0.06766553890768487,0.04407905152992007,0.0262004239084282,용리단길,comparison,134.22128516280463,-0.011527719202813813,106.34091567791194,-0.026338922842012225,111.76986967384698,0.01996549174266704,100.30342527421075,-0.026152960691301574
20241,262083123201,10774493,21599205746,195729481898,8084395349,5091616238,198417881199,105240979350,55777325458,4153,292,271,25367418,0.08241356971862271,0.5304006811989402,0.21282303406931918,0.07031061882976161,0.06525403322899109,0.04130392248835053,0.02601353760622215,용리단길,comparison,128.07846130829455,-0.013591049918527442,101.48687385657058,-0.0347524289996769,112.17502869876427,0.023662805028346057,99.65419675702962,-0.04487708515763
20242,265545748644,11491033,23446447897,196269696480,9027213927,5215567811,199880748308,105741898768,55570090400,4199,316,269,24414925,0.08829532393844924,0.5290249294297233,0.20926748284906352,0.07525601333650869,0.06406287211240771,0.04599392615823339,0.026573474685795264,용리단길,comparison,129.77062573845615,0.01670771944070948,108.23609208829501,-0.007016452923632954,113.41751637517726,0.026399413346370082,95.91239202027268,-0.05764104925883429
20243,264059098765,11455786,23616507662,194512965944,8809469697,5004905475,196785505638,103914572163,54590766564,4199,288,315,24286517,0.0894364472667445,0.5280600917536973,0.2067369267687427,0.06858775899023577,0.07501786139557037,0.045289884169141884,0.025730446557690682,용리단길,comparison,129.04410879726245,0.014511097331201706,107.9040943002949,-0.014989193569245107,113.41751637517726,0.027655408712677465,95.40794982212793,-0.05776902098481329
20244,279761939498,11298769,23225991339,210599621539,9049379739,5537972795,205491210470,107886015520,58005508544,4170,246,277,24519876,0.08302055447812635,0.5250152319081816,0.2073388133070713,0.058992805755395686,0.06642685851318945,0.04296959164916726,0.026296214373654266,용리단길,comparison,136.71799353538577,0.01860143396446201,106.425123134567,0.0007918631894248129,112.63420892700385,0.007733204446592534,96.32468497038084,-0.03966704320368697
20251,261127933375,10476420,21469125632,196562797775,7338763447,5624462368,194819409699,98753018273,57920406817,4110,178,258,24632569,0.08221688639173147,0.5068951724346945,0.22180854444944348,0.04330900243309002,0.06277372262773723,0.03733546495100502,0.028614073627697172,용리단길,comparison,127.61166572955905,-0.003644606391795202,98.6792710346977,-0.02766468918769538,111.01357282733473,-0.01035396099205399,96.76739184717611,-0.02896822215016126
20252,266646014711,11160410,23692638120,197493355990,7170333478,6080895923,198385127578,98892341404,56102248777,4139,256,244,24427939,0.08885427425449761,0.4984866688916388,0.21039972728565068,0.06185068857211887,0.0589514375453008,0.03630670734241342,0.030790382251177622,용리단길,comparison,130.30831921207601,0.004143414355599617,105.12189500309749,-0.028772260944686212,111.79688027550813,-0.014289116456299156,95.96351664464699,0.0005330346089533755
20253,272764477133,11669501,25152835336,206657474966,7579269436,6231142997,202035201249,101713705019,57078962966,4124,234,270,24914498,0.09221448335347375,0.5034454609404531,0.20926098429660359,0.056741028128031036,0.06547041707080505,0.03667551554690663,0.030152032961910373,용리단길,comparison,133.29837535537595,0.03296753798189456,109.91711405410207,0.01865563829491923,111.39172125059086,-0.017861395570373917,97.87493097620818,0.025857186520405584
20254,278839582195,10973093,23123738852,213792407106,7442528533,7443964707,203467985084,101429118889,58857165461,4127,210,225,24643440,0.08292846614520083,0.4985016136426862,0.2110789472487432,0.05088441967530894,0.05451902108068815,0.034811940394636816,0.03481865800458116,용리단길,comparison,136.26724301508577,-0.0032969363332805424,103.35752272588768,-0.028824024988916896,111.47275305557432,-0.010311750599520386,96.810097840074,0.005039340329453523
