region,period,amount,count,ticket,share_korean,share_chinese,share_japanese,share_western,share_bakery,share_supermarket,share_convenience,concentration,amount_growth,count_growth,ticket_growth,share_change_korean,share_change_chinese,share_change_japanese,share_change_western,share_change_bakery,share_change_supermarket,share_change_convenience,year,q,quarter,future_growth,target,missing_features
경상북도 봉화군,8105,,,,,,,,,,,,,,,,,,,,,,2026,2,20262,,,18
경상북도 울릉군,8105,2176810000.0,80406.0,27072.73089072955,0.5371483960474271,0.034238174209049024,0.027618395725855723,0.1110891625819433,0.018338761766070535,0.04626494733118646,0.22530216233846775,0.35604204966417957,,,,,,,,,,,2026,2,20262,,,10
경상북도 청송군,8105,,,,,,,,,,,,,,,,,,,,,,2026,2,20262,,,18
대구광역시 군위군,8105,,,,,,,,,,,,,,,,,,,,,,2026,2,20262,,,18
전라남도 영광군,8105,5864910000.0,226403.0,25904.736244661068,0.46529443759580286,0.0344165554117625,0.003665870405513469,0.08932958903035171,0.03791021516101696,0.23423547846429016,0.13514785393126238,0.3002450132333423,,,,,,,,,,,2026,2,20262,,,10
전라남도 영암군,8105,,,,,,,,,,,,,,,,,,,,,,2026,2,20262,,,18
전북특별자치도 무주군,8105,2076380000.0,101686.0,20419.52677851425,0.5934703666958842,0.06778142729172887,0.001545959795413171,0.08658338069139561,0.01715003997341527,0.07349810728286729,0.1599707182692956,0.39558719618433924,,,,,,,,,,,2026,2,20262,,,10
전북특별자치도 순창군,8105,4003030000.0,183031.0,21870.77598876693,0.4535789139726657,0.045133311516526234,0.0024006814837760396,0.0911334663992026,0.03505844322925384,0.2530308291469212,0.11966435425165438,0.2956551715974945,,,,,,,,,,,2026,2,20262,,,10
전북특별자치도 임실군,8105,,,,,,,,,,,,,,,,,,,,,,2026,2,20262,,,18
